{
  "sharpe": -1.081,
  "cagr": -0.083809,
  "volatility": 0.07753,
  "max_drawdown": -0.09894,
  "turnover": 0.239495,
  "win_rate": 0.3125,
  "total_return": -0.075815,
  "calmar": 0.8471,
  "n_steps": 48
}