{
  "sharpe": 0.6751,
  "cagr": 0.152441,
  "volatility": 0.225791,
  "max_drawdown": -0.160517,
  "win_rate": 0.5223,
  "total_return": 0.139421,
  "calmar": 0.9497,
  "n_steps": 337
}