{
  "sharpe": 0.2584,
  "cagr": 0.149465,
  "volatility": 0.57833,
  "max_drawdown": -0.315217,
  "win_rate": 0.5223,
  "total_return": 0.136714,
  "calmar": 0.4742,
  "n_steps": 337
}