{
  "sharpe": -1.0372,
  "cagr": -0.215562,
  "volatility": 0.207824,
  "max_drawdown": -0.285118,
  "win_rate": 0.3958,
  "total_return": -0.19643,
  "calmar": 0.756,
  "n_steps": 48
}